zip,2019-07,2019-08,2019-09,2019-10,2019-11,2019-12,2020-01,2020-02,2020-03,2020-04,2020-05,2020-06,2020-07,2020-08,2020-09,2020-10,2020-11,2020-12,2021-01,2021-02,2021-03,2021-04,2021-05,2021-06,2021-07,2021-08,2021-09,2021-10,2021-11
5000,24510.508288447214,23963.385996609904,23092.511431017767,20938.42016613963,21387.205584372132,23074.742095034948,21784.280157239376,21853.868721151233,22678.405881937008,23135.162015165137,21950.392195094035,22578.890498125416,22134.99552973464,22789.839591859145,24348.38293791279,24069.856424918344,25303.669582192953,23141.296944006248,21467.320686573712,23390.860577235846,25254.99934408373,23587.244852929856,26323.620766427503,24144.160519681536,24498.002872885983,26248.111435462157,25760.637907607146,25352.42320730666,27105.739494458092
5200,17472.943722943724,15964.826029503283,13477.985062025544,16290.726342515563,16091.33502723038,13947.804357592093,18176.803226826953,19933.333333333332,17257.488479262673,17048.602839946623,18600.984744990892,16129.032258064517,15126.736733636659,15646.938404947143,17568.294738857276,16645.665639750114,17521.328236604215,16704.260651629073,19691.136596378532,18965.444587116832,16894.75197172877,18860.078277886496,16289.356656317379,18421.20092197917,19291.850503157442,19312.46693121693,19567.57998239705,19752.707930367505,10576.01246105919
5210,15215.332988261887,16720.723152913473,16916.31880344192,15899.16670885492,15478.16323542874,16953.78874142956,14211.246399129828,16348.144198423155,17623.949309057163,15201.049289684119,15143.483012343228,16882.427022028933,16517.24700025889,14555.7399772859,15189.4407244694,16065.874677446023,15228.071032489417,15412.467524625778,16311.359325749632,18296.616607720454,16116.298073082216,18208.633514476278,17650.791424727373,16196.23723359222,17905.59700258785,17989.48972441967,17207.760065537237,16508.17265193553,19656.357629666443
5220,17621.12418045624,16871.718036520335,16238.354011565838,16675.30074168535,16861.061014657884,15401.311388852637,16602.705578214925,20552.404516275277,16784.24975087296,16176.577808156755,18038.020767380018,16679.928679479697,18594.768680843743,18356.087265583184,15165.265756366562,16980.33578812897,16828.99620400107,20902.284080298785,19085.920075635546,18595.248666700532,17286.865543353928,17106.079175068633,16155.445956196718,17218.796438340472,16472.182057576523,19382.554303917095,17838.53306545012,19023.191252288725,16233.1105280693
5230,21423.062110020102,25958.301246629457,21810.089774309818,21928.732991836892,24081.74659996209,20670.034816238876,23917.510210990604,26103.71697404282,21892.715029147726,25206.140977376766,25406.79591049731,24365.69295955474,24005.65753061875,24999.144412282516,24831.51531026509,25100.607153035773,29842.60711359344,28059.80383261316,25232.576045163078,28084.463890629606,30064.909293056968,28098.56528003877,23259.91179200368,24953.52328426137,32137.431696580563,33762.11621568038,33458.30879741392,27272.163269106826,32859.14375374154
5240,13200.282447972357,12979.020979020977,15399.807549729465,14421.082949308755,13938.584580610845,13179.104005239058,16246.684607182284,12005.696004993757,14253.142718429768,12828.467153284671,13131.31313131313,11977.085663844671,15828.922596351982,13306.98810112901,12711.169507778259,11771.628463978914,13143.400939707728,,13912.179098262715,14870.248421884997,13029.890458633972,16659.08375425838,16145.107566715104,13980.869159489672,14571.944723637343,14529.55455351334,13020.115203461715,16485.433586295654,14716.720720988274
5250,17350.661027181748,16218.27237585912,18864.06320647156,15492.383166334677,17124.069683344722,17499.319892929016,19287.248813879094,18112.276146610242,17963.636081579,15377.257864022413,18864.599279445185,17469.33672310599,21083.80706067103,19030.825161740377,18555.776473481314,17309.235802594678,20033.907611751856,19581.163240028516,19272.268261781723,19044.893358966456,20346.401154537398,19324.242657233768,18528.67930805075,22604.270965212516,20719.2446162321,21837.263942197034,21230.58046614353,22284.364843065014,21227.524621896053
5260,16214.23229347701,16290.104323552323,17094.388538477582,16895.635195750914,15592.187706704073,16962.433466848903,15216.30476333946,17673.710747688816,16599.921918540433,17976.069423989127,14659.281177530976,14791.842778862012,17610.053999963555,15315.040802042495,13923.062827323916,17213.8298797176,15218.809129911338,16009.673745005677,17449.67034026652,15965.850531410582,18592.980286529615,17531.14778838733,17056.024821766056,18137.98962230678,16598.183758036103,18415.228715417237,17632.137908733363,18517.415759741576,20848.492508273466
5270,13732.45154822422,15218.339736595595,14044.682371507248,13534.624377791211,14917.773230962603,14386.194873963084,16509.154515194474,15213.465922974427,15798.700556851307,15663.303120225939,15147.13085849331,14752.234913534274,15630.439278854523,14384.916754181319,15251.151373802673,15273.341454069961,17182.82305917713,13859.90301277751,15354.022495892603,15005.27713470152,14572.264077789974,16783.423794309776,15528.586469498432,17938.334751336966,16646.78213321909,14187.190229144175,16871.161605142013,15255.553118440253,16579.993401023214
5290,14474.647987484,9000.0,6668.12865497076,,9195.804195804196,8333.333333333334,,,,,9006.211180124224,9055.11811023622,5650.684931506849,,,13055.408719145998,,,7539.68253968254,,,12704.081632653062,11363.636363636364,15078.502415458937,10284.931974945925,11727.941176470587,9652.298850574713,16093.75,10529.373035426048
5300,17198.68250124411,17242.561859074514,15518.62512262203,15761.005439315037,16851.828733914932,21434.100798498086,15537.377847994981,11239.318717740103,16105.372823625823,17264.21612557631,16197.449833911824,14425.773666922985,14232.362100028642,17571.503685126536,15825.356872797294,17152.760308351462,14900.608519269777,12262.744872972145,20371.158507389293,14459.495388759942,11467.43887185001,18213.596492934812,15776.360885733982,21072.50881619254,16908.860741481345,15127.586346603273,17851.440422057458,18529.13577990616,13721.432532477169
5320,9991.734011651495,15928.270042194094,13373.61505412976,11489.980364980365,12646.825396825398,10482.32366083106,13211.920529801324,13672.672519395672,14336.160108548169,11937.252040534539,9388.888888888889,10576.092338467133,11121.699819168172,10021.956684092607,13915.860752560448,10896.46340188693,14159.507072623772,12811.363636363636,14594.992224176443,14739.430831663842,12654.408060917805,12211.973408781918,14475.15983299594,15019.840515033558,15463.678895561097,19366.197183098593,14956.593051338225,13251.026322144411,13579.542888115993
5330,10967.532467532466,8661.749148646004,11640.445577619646,12608.288541461332,10055.871038651767,13901.360544217689,11271.367521367521,,10714.285714285714,9998.21217648289,11463.564213564212,12518.029465574109,10441.801420415435,11721.071879802226,9377.695820426678,12046.951449580929,30920.053366174056,13969.653536927188,10000.757728834109,10380.116959064328,13259.952287660337,9589.725430798722,19904.18328242995,17308.81066754534,16585.068600769995,8367.34693877551,13611.916545209813,11466.084893736997,14950.57707549039
5350,7809.0044742729315,,8269.23076923077,,,,,,,,6299.212598425197,,,,9869.826435246996,5656.934306569343,,,,,10696.985721840296,13742.146500110874,,,12250.0,,,9905.66037735849,12107.142857142857
5370,10059.52380952381,,12612.612612612613,,8574.87922705314,3369.8224852071007,,,13590.90909090909,7884.615384615385,,3847.4220623501196,18125.0,13593.406593406595,9101.123595505618,,7324.84076433121,15979.38144329897,9028.511530398324,26217.303822937625,25743.19465001864,11971.830985915492,4633.464285714285,24842.202318229716,11113.463860617561,,10225.36516241552,10218.978102189782,14260.778635778635
5380,14400.0,,11990.74074074074,,6470.588235294118,4608.695652173913,,4600.0,,,,,,2865.8536585365855,,,,8260.869565217392,7954.545454545455,,3178.8079470198677,8176.265927950059,,,9851.851851851852,1923.076923076923,7339.733025708635,,5555.555555555556
5390,18421.052631578947,11447.434292866083,22779.032258064515,20394.142654436164,50416.666666666664,25078.616261538453,22281.55339805825,,63333.333333333336,,18820.499484456126,30284.440874236876,28931.758569668134,21299.119228591524,19909.23335509126,33544.77830066383,26325.04873294347,37078.651685393255,13983.050847457627,24576.271186440677,31031.645569620254,31600.0,22116.46482056305,68478.26086956522,22406.17048346056,6568.6274509803925,17163.667382845466,17444.586372552476,18750.0
5400,9700.870421025802,12896.072932356486,10986.6825814142,10879.616379144314,13155.517187717998,11785.129682455981,8226.58928211333,9775.29383670846,9795.116545116545,12754.798689138575,13692.453654125318,,,15910.453708125046,16801.925334360432,11282.871135712956,13741.038066907442,10946.558287213318,12322.1190462943,12464.994085702176,11139.820469036296,11783.350044605133,13097.341357453917,12034.614645883898,11139.98103896726,16197.4230976872,17253.125257541185,16841.313102617125,11434.985718835384
5450,,,,,,,,,11465.516179440108,11636.077288093358,15576.766400964889,,,19610.227215253464,14553.88958499819,13025.380713764638,9364.691551717931,16049.412735036678,11387.205373215898,17058.49662327362,18602.571867913746,17060.096694630764,13930.312300689968,14780.141835253346,14504.660062945624,15139.22730219596,13083.010078431125,18686.796331046946,10404.15898909144
5462,13961.038961038961,14763.779527559054,4310.948717948718,15600.729136692995,8089.430894308943,,13736.306729264477,,15172.035298209008,,,,,19005.847953216373,13299.075128343422,12764.847090073099,,11256.600893436107,17708.440721649484,5710.526315789473,14294.932440893608,14534.116501692035,11377.952755905511,12356.26202229129,13660.977831993012,,10259.571217569905,11070.820528593282,
5463,,,,,9266.545233758348,5447.154471544715,6670.80745341615,,,4611.650485436893,6338.028169014085,6093.75,9567.028131384566,5767.380952380951,4138.300816383008,6794.024104452628,5767.481203007519,,,,1538.4615384615386,3125.0,7257.837740929431,,12296.511627906977,7624.807987711213,,12090.90909090909,5246.478873239436
5464,4881.823245191948,11042.944785276073,18289.06061337841,18086.035251876838,,10178.459119496856,13351.351351351352,13888.888888888889,7320.044454576542,5267.353785330064,10091.07170031853,18483.859773349603,10752.046905740255,11144.983953530435,15960.95761536938,26227.134146341465,15117.338801549327,15518.14887252646,4194.641306735942,333.3333333333333,10198.794629462947,23926.633031275043,17182.12017187427,8427.519149889129,11809.086823606864,9722.222222222223,11735.964709376474,14951.49350565945,10058.823529411764
5466,9422.605587385287,7878.787878787879,,12631.664078674949,16637.417095163575,8022.388059701492,,12763.554232445082,1984.7328244274809,,,12647.058823529413,16957.944380586658,10190.95515540742,9615.267082263783,7333.333333333333,12079.936247272786,10716.358109975132,6907.136735859836,11279.999377830614,9380.718219393628,17791.856554955357,18852.71618628668,15769.772296484176,19870.189754562034,9952.258149205529,18198.891927809753,7128.615825962228,9756.235827664399
5471,10154.11234508289,6944.444444444444,7603.354954798079,7765.9370199692785,11459.35956424147,8613.357665978318,10746.274834437087,16216.642458418773,,8166.122524475566,10106.382978723404,,,9447.59734919533,7315.374670698126,5717.611256587498,4406.625214408233,9835.922003870404,7703.78101350322,8231.12295797481,7214.0781848655215,8991.507068539713,7298.113504913645,6580.587571366402,7722.464237871602,9412.015466246312,9898.924567024822,8120.072040583089,11018.849206349207
5474,8128.834355828221,,4838.709677419355,6178.861788617886,5542.028535980149,,6647.4358974358975,4124.579124579124,,,7382.5503355704695,,,,4136.693684566025,,7581.127505775393,,3500.0,,,8310.81081081081,6091.549295774648,5631.868131868132,4464.285714285715,12903.225806451614,9476.190476190477,,9589.011346978663
5485,5957.446808510638,,3663.0434782608695,,,4800.0,,,,5209.302325581395,10878.787878787878,,,,,5519.480519480519,3541.3811174715793,,,,4685.990338164252,6516.393442622951,4715.498938428875,125.0,8575.268817204302,,2609.969325153374,,
5491,8254.716981132075,,11359.121995373629,,6198.646125116713,,,,,6818.181818181818,12710.843373493975,9434.52380952381,,14851.190476190477,14950.707785642062,23670.212765957447,10629.288284462722,,8235.29411764706,10502.548037377434,17901.234567901236,9842.1926910299,11161.33746959337,,12510.825163398693,,13039.772727272728,15770.993694281366,
5492,8801.282051282053,8845.794490936112,8570.359116572958,,7492.941960499212,12099.246510446616,9302.32558139535,,12404.580152671755,9430.56778169014,9344.477305014294,6727.990591397849,12798.277157578359,8293.124899258542,8657.05251428074,7724.868975792881,9244.20667222843,8757.813539034447,8434.88158320751,9419.546873989377,9291.320489064326,7793.609521150356,11151.526548855472,13426.970530800638,11261.631497291924,11305.155802680467,10034.80061472754,10519.184544303313,10108.098447712418
5500,17001.134703020616,14511.37756916169,15277.324499176853,15428.838684482811,17141.84555069387,17103.40857189117,15180.164512021987,14166.314492654144,18420.929136888197,19697.45465509607,17500.63320976511,16288.676991497725,16629.788523728323,17815.036332921474,22631.726664338294,16143.07835205575,17113.219671968785,18421.678893405668,16890.981039806513,16739.068950817335,16416.295515787053,16587.929867877232,18395.029211077323,21328.41682099762,22359.28010591565,18011.484586992774,18305.75957476924,20462.946255714796,17437.613651695563
5540,9224.682953012838,9077.193216916132,8168.185584092792,8411.966016831788,8535.612932491205,5209.366387681593,11048.387096774193,9887.639710716632,6920.013817326316,11442.649342961418,7316.919191919192,8648.688541166619,6785.714285714285,7044.042397660819,9223.281148393382,8656.095071449403,9260.065190916255,7898.44365642238,15630.367586392993,11378.787878787878,17953.690896652155,8562.40863227721,8920.071274961925,7832.867953753773,7107.830350063813,10161.852870644661,8900.956183275186,6525.792200628178,10390.54470709147
5550,9524.003951477715,11950.0,13942.741935483871,9068.567544188609,8821.989528795812,9966.288044874507,17603.764152049825,10482.456140350878,10778.801858405608,8712.489648686962,8043.631350240334,17132.97819127651,9898.02037774174,11285.709882470654,11422.248000707528,10143.215770437226,11220.478425167048,11108.684888096652,9622.786705961373,11021.134105753417,11717.736739738928,10808.437424463713,10985.358736294284,12297.475853915945,12430.803703257052,12696.302971860065,11818.489763805479,12210.816950160268,11150.339423375855
5560,5427.90757712663,10263.485846537298,8158.018178316004,9459.954599232984,8597.552058496265,6533.749722070625,7630.518852723171,11143.44262295082,8804.580213911142,9269.008310871519,4819.875776397515,13174.603174603175,7737.565990552931,6798.703350650906,9605.178058495732,7901.911442795523,9496.779150206441,11176.751592356688,12479.125256101077,7459.829964838498,7152.309736406785,11225.881607779727,9195.761277687978,9004.87781443975,9580.940110047393,8084.48234404542,11214.92337114371,11084.505421484271,7411.121795987126
5580,9665.354107425193,15647.065641115863,7901.234567901234,9330.985915492958,15672.617305628719,9423.188192605669,8945.011337868482,8838.38383838384,11682.242990654206,9046.455013695533,14574.81021394065,11835.703789710606,16204.105633385165,9163.389192886456,5263.1578947368425,8612.068965517241,9721.331908831908,11734.093382101715,12415.841597667424,9584.73080374976,9894.86793533065,10324.331338234653,17199.93345569441,11191.18875485075,9124.613730372364,12683.26417704011,12945.812807881774,9270.755626157199,9890.52492341966
5591,9744.525547445255,2992.4812030075186,,6248.630521048999,6873.104636591479,7086.007130124777,,,,5054.347826086957,11464.968152866242,5926.114220332163,333.3333333333333,8274.701149425287,,3947.2226626499655,11188.811188811189,11879.638043313646,10693.314977268361,2886.1788617886177,11069.949848533017,5750.0,13549.53437685754,8155.742446388094,6095.061487409721,3762.5065824117955,6456.574603140026,8667.183610108528,66911.76470588235
5592,10011.552944932762,,10273.752483346967,6811.283508511391,9325.396825396825,4692.451612903225,7747.829868395583,7185.937206241775,7558.139534883721,4998.25479930192,9961.538461538461,10774.310048547253,6699.0194437977725,3571.4285714285716,6605.569456791333,7477.777777777777,6464.705882352941,6756.756756756757,6240.871910703174,6813.36069922399,16350.677089591092,9732.874074349424,3769.8244123477766,9505.200647949581,8427.695193417587,8962.264150943396,11844.869052552289,11860.632183908046,7477.709359605911
5600,16485.21052226658,15307.467041325455,11607.95316926319,10699.93303585193,9272.601607150613,10244.567805470972,10202.176797105349,10258.503083704463,11038.272878919577,12005.874235469708,9874.590096676371,13145.472718415971,11748.007359362437,10660.867540141753,12369.731326286945,10798.765184898539,9057.509876130935,15946.624086228094,9673.60512647023,14006.81399991473,11515.341280767125,12156.96024093169,12159.90378848126,11718.975070390492,13859.212172640528,11863.26236812973,12289.574555330448,8899.07753361412,14519.880348874873
5601,,,,,,,,,,,4477.099236641221,,,3333.3333333333335,3875.0,,,,,,,,,,,,,,
5602,,,,,,,,,,,,,,,,,14285.714285714286,,,,,,,,,,,,
5610,11015.44920602623,9748.188193652391,7463.205088761426,3701.148303993821,11841.546105399379,6778.311317705901,5088.495575221239,12699.013068013068,6973.829380684253,13946.044024456007,4868.936795688388,11920.231768699328,12453.959484346226,10443.071323885846,12720.874314665138,8972.210644426494,7753.788549038066,5056.855868660652,9996.229371008778,10719.512307907531,9774.098862196139,8398.11477940519,8556.774263898791,14128.614061857583,11309.973461224548,10367.528141440442,9136.302866369319,9150.213061594457,9910.824818698662
5620,6125.141381953522,6429.273919443329,7670.396270396271,8170.319630858328,9460.353650504128,4301.948051948052,7822.085889570552,0.0125,8352.887020396705,8387.42030231392,6998.939170955225,8731.279735404223,5167.257803023892,5121.172248803828,7362.912226566565,4947.629800674222,8929.061249683646,6783.314034833791,9796.719373332277,5085.201630659248,7489.539421932951,7795.534959519638,7135.169497727518,7337.196444674937,6789.601013012244,7987.51606733847,10957.575348635623,5502.551454249657,8180.772542910201
5631,14923.701298701299,,9225.868586300916,15475.108225108226,10766.435209027133,4744.525547445255,10135.135135135135,19277.10843373494,11247.01907790143,18704.1691306919,16191.037735849057,11629.280459591755,6504.065040650406,9171.676293421717,17734.855640027086,8027.555126347981,12805.839727195225,,6352.97988776148,20455.357177539423,11626.555507195984,8746.85798072895,9005.448960306374,12516.037197485266,9764.111132532185,11572.350647653539,10790.570149764284,19417.194570135747,8224.29906542056
5642,,,15162.337662337663,14281.69014084507,,,,13545.454545454546,,4206.349206349207,13445.945945945947,7226.907630522089,10976.671553417877,7944.08451026098,3388.799786153435,9336.175799730958,12442.109299535397,,15662.650602409638,11772.364830294708,10376.053459437117,16125.0,10679.389312977099,39603.960396039605,,,16836.717515288947,12129.837983798381,10524.281358885017
5672,12666.146555709664,6121.7308301988705,5634.826526130873,7962.902904863858,7460.778745424714,9510.30891094126,7415.290109347113,8475.855629733132,5926.3577827420595,,8082.262330924457,6469.303066621252,8373.397435897436,5154.665947355334,5109.880888138747,4415.493390338591,7894.105801605801,4210.138520483348,7799.638332477315,6654.4555829881865,6134.046269496064,5221.4158757955065,8805.39644858464,7117.402734211427,5824.645002210611,9133.949062765798,5371.459604444373,7490.816758201739,7169.341033753999
5683,9533.051117307446,10951.719576719575,10663.934426229509,4521.438418025384,13840.178183398522,7723.887786768111,4419.246356385117,8402.909520615758,10184.367151928456,6720.993164874885,5779.7270955165695,13742.780367780368,4643.86555904413,10896.915584415583,7572.374284476201,7567.115399428378,5975.540064322032,,9792.327302415531,9000.127792215042,13096.788177813487,8291.220908324547,12924.782452915584,8619.42693055876,8310.657557641749,6774.019824912303,8974.161543664426,11117.680094091787,6869.263555987683
5690,6212.121212121212,8972.602739726028,7271.069680180577,11630.131371015668,8957.727561332724,4774.858457183298,13663.023843930636,9957.848606983636,10517.914121197253,9824.538284660695,11318.25396825397,11664.162428725536,7976.950900415577,8606.978418762528,10124.924704440698,9309.688250995901,9380.945326927114,,26037.637795415874,6726.248720746123,12305.11334697951,11373.649337489775,10683.720150118115,11682.997766334578,9693.02707031694,12622.114157474447,11712.898800646122,10345.426871898595,13208.030607861438
5700,13814.341463785226,13911.200240643837,14452.558875710638,14766.46901966288,13960.300590533241,12800.421311629243,13914.008498320158,18238.871686613205,17001.97241686041,14845.782380121405,14842.510248062263,16458.049270409167,16322.547345427514,16376.934479200267,15745.05533875924,16828.35063901919,18478.3457370226,14665.964135989769,17723.802562149693,16080.963461753778,15667.40013635573,17409.191113704754,17469.493167886543,18211.126600345517,18622.072825458945,17455.12464506445,18752.7800538482,17200.354179121696,16721.952706840108
5750,6925.224742848293,7196.206147041854,7942.083530753591,9102.039650249179,7695.677004265162,6044.864226682408,7513.402555730258,11107.874633944768,8621.241160390815,9779.589290558883,6816.880813159531,10802.920968141145,9216.780051048627,7913.743059580314,10190.512014787497,9664.998164544206,9791.53363309532,8219.729228166352,8664.182787361888,8272.1701658797,13650.506091918753,10389.749695918737,9850.499883853716,10717.431469211784,10644.263539521451,10797.463910686503,9632.141831858196,13144.800255008777,8503.2036023255
5762,11118.74143673059,10443.020675905977,19164.44924280428,8197.786131996658,14247.295673076922,9113.14689617696,6321.83908045977,8532.186459489456,9716.85516311788,4865.335823841411,9959.549011566338,8887.857872677609,12443.533679598746,10215.900770416025,7689.739366954903,9794.339667605967,12531.509682619313,13435.64644310913,9146.281102766261,4325.275740384692,10079.211258628467,10405.647666027222,10119.726340449997,9310.615170701825,8413.363703382174,14288.9549436796,6175.48848060659,14311.120184052483,8061.744678246655
5771,5916.030534351145,5844.1558441558445,4832.22429906542,6727.126317398479,4225.352112676056,6849.315068493151,6818.181818181818,,7331.433998100665,5376.344086021505,7824.074074074074,4732.993197278912,9124.316149068323,9346.825987365226,7329.066443416385,12333.777741865977,6063.320883909119,,7475.709946279925,8529.934183541372,5500.0,8880.330191867823,8651.398509287234,8007.587678055789,6028.8935870331225,7473.611111111111,11439.373217146653,6667.821035729219,
5772,,7463.8188608776845,,5223.994485404303,7479.516956397834,,,,4909.778681120144,5843.307086614173,2967.032967032967,8189.284106713022,8485.659267043744,9421.827984189275,8675.532244188702,7646.363487976579,10019.872813990462,,10379.156577885391,5210.236890886724,9774.436090225563,7096.069868995633,7540.204678362573,9540.816326530612,11635.989212181357,4375.0,,8407.535546097364,8507.06585081585
5792,12366.957721131266,7797.87980517841,10580.151247269412,13506.049543267309,10816.051803246699,10560.820980098826,12391.891362399043,9769.398386848052,9236.25532450723,10055.325977428694,10122.866408020009,9467.792904086673,12462.416231667145,12664.171498450896,12964.712993529001,9099.565248885996,11535.908235288969,11125.644812541832,11723.434881782701,12038.622982067327,12599.646723807127,12961.552956111715,13032.735940816836,12035.077841100028,10842.894744533432,12476.321899537867,10724.14260087719,12145.535031102065,14474.287249728368
5800,18809.775341926645,12295.001459196403,9883.24118005045,16836.6665761581,17821.69524282385,17182.383975516324,12795.980815036664,15695.764115999104,10906.070731884247,12785.392552170313,18141.331061528614,16977.57682266238,13168.610311147864,14492.298140189987,14519.289455701244,14875.83613958393,12537.591010028003,13846.164978055122,14926.252373256637,13486.997603347048,14089.987101578978,22386.17820930791,20273.69344343128,15837.42920864598,14129.259858392405,20626.58602311292,13162.867135484179,10567.13618634295,13157.484294735907
5853,10808.016946925907,,937.5,6793.717953025882,11333.333333333334,7841.4548022598865,6466.94487738225,8018.0745488139555,6713.238752971247,5000.0,9731.543624161073,4225.681886678722,9579.43925233645,9505.630748697364,7475.792366569065,7789.055611793658,9018.786041207271,6627.811094452773,7087.718470070968,8398.505149940753,7535.462543201775,3734.9397590361446,7087.377423658627,8878.75472589193,11395.954150575588,9914.815711723239,9073.618925222523,8994.148284770157,6848.282327716642
5854,,4032.2580645161293,,6328.488941084361,6643.518518518518,12836.734693877552,,4822.5901833234775,,,,,6429.998992177749,9319.983312473925,9924.105994340109,3534.1614906832297,,9045.14058979132,4749.347771535179,5839.127850688468,6079.545454545454,8778.625954198473,9248.38236780912,13227.513227513227,7813.392546151167,5765.217391304348,8135.485690117017,7092.479773506441,3937.5664567189438
5856,18588.362068965518,7714.396496670011,9191.176470588236,9191.595441595442,5060.240963855422,10040.650406504064,6363.246612012716,,,7406.134259259259,,4411.764705882353,10775.042393410853,,6428.571428571428,7800.49455049455,8523.809523809523,,7950.671572977017,,9488.636363636364,6805.555555555556,8680.965026670037,10280.96437740231,8949.019607843136,9527.831645478704,10694.908955778521,9022.988505747126,
5863,,9523.809523809523,9150.752111189302,5000.0,9180.30612244898,,5897.4358974358975,,,,6690.140845070423,,,5531.746031746032,10614.754098360656,11616.309150098825,8790.990990990991,12128.378378378378,,9326.241134751774,8617.9696287964,10527.546777546777,,8654.279866060442,10152.443229941717,,9405.940594059406,,
5871,11010.514018691589,15061.188811188811,7447.071150557602,9282.220463907326,8326.530612244898,,6044.914953933381,12895.013262391312,,18500.0,15295.957451482513,8195.876288659794,14042.903151598803,10670.490806444415,21363.426434134355,9709.841129744043,10575.787211436298,12500.0,10048.373932111695,9950.996786674536,,18208.95760665346,11429.798369290178,10837.620791531985,11002.326613250625,,7405.581182244588,18568.21895424837,14174.617372291792
5874,5454.545454545455,10337.985342273507,15273.17415730337,,10939.597315436242,,,10923.822625015428,17000.0,32926.829268292684,15879.731379731378,11663.586781732418,13331.984277296777,7326.086956521739,14171.808933988423,,,10520.83460353124,12695.133149678604,8158.472222222223,14826.066582281059,7763.32702385334,8509.075974964668,21183.97641152081,9184.235395415679,10414.490049751244,,19176.833141996496,10466.705246639636
5881,11270.100301863891,22479.876170268875,15226.149056949278,9442.24014022787,,,9232.323232323233,14784.53038674033,9235.668789808917,13632.208387942334,,8434.782608695652,12874.408081658425,26785.714285714286,10278.873432008682,11295.42548683653,14830.443968225789,9960.089399744573,16263.737661583364,14108.333333333334,19548.286604361372,14410.84617018428,10164.141414141415,13819.296732971628,12873.022209636383,,14288.644149418424,15262.887818741612,
5882,7819.047619047619,,4237.28813559322,,,,,,,,7551.724137931034,11887.417218543047,3642.384105960265,,13122.06572769953,8734.92875411034,,6071.428571428572,,6190.476190476191,9964.285714285714,606.060606060606,28770.833333333332,9684.684684684684,10221.495068140977,,5100.0,12766.553067185978,7164.634146341464
5883,59050.0,7987.426084645538,,,,,5882.35294117647,6914.893617021276,,,3663.366336633663,5617.477278309998,11666.666666666666,,,5214.7239263803685,,,,,,16037.735849056604,,7568.807339449541,,,6481.481481481482,6774.834437086092,
5884,,,,,6436.567164179104,,4637.68115942029,,,6132.8125,7810.21897810219,10670.731707317073,6664.885770864032,8928.57142857143,6654.929577464789,12717.391304347826,4010.989010989011,,11060.60606060606,,11210.9375,,8275.668755784201,,9274.193548387097,8771.929824561403,11688.311688311689,,5287.35632183908
5892,,,,,,,,5800.0,9011.627906976744,9782.608695652174,,6034.948741845294,10350.609756097561,4869.787982078161,,,10080.064980273844,5249.969441388583,,7462.137760302899,6846.621621621622,2905.982905982906,9347.480430528376,,18139.53488372093,5128.865979381443,5468.75,7352.941176470588,6097.5609756097565
5900,9841.572195869818,15765.545135239532,7820.851580015084,9533.071882810918,9461.421694113227,9283.526190171759,10074.075656476549,10357.142857142857,9406.876056360592,6156.730123180291,10181.87127024723,7775.733623580597,9063.48193332195,8244.085826247356,7942.2015134522735,10129.744827905317,10075.542599536184,6457.266966188031,11546.247925449592,9589.9192048237,8810.497730359193,14187.868448585461,8227.594348764456,9869.381526593648,9904.091672453318,13530.78222104484,10953.842037674955,10090.649385320965,9529.519420406437
5932,12966.434756495113,15424.452481414506,10139.057368397245,7892.9040583240485,11120.384018148512,9319.453368094904,4567.307692307692,5917.15976331361,8770.840156583852,16830.374128091313,10956.077872744538,12202.20321687013,16858.96164021164,10287.239104895285,11956.004858699689,10739.503492615986,9301.575336306727,10439.127434558444,,12470.81304112554,19288.18051245811,9215.685393791455,12745.666709233283,8537.249038890866,14125.24287604637,6582.849524060774,12764.471613425008,10168.702768776886,13474.85726833553
5935,,,5576.923076923077,3719.00826446281,10657.963310402334,4731.34092346616,,,,3688.5245901639346,14957.264957264957,8170.862607338017,5543.478260869565,4966.300619596479,4510.125074449077,12508.491847826088,5891.666666666666,2954.413287782073,6363.636363636364,,17826.08695652174,9990.942028985508,13550.846631115455,18696.581196581195,5406.538506485918,3983.0508474576272,18240.09324009324,20085.470085470086,4633.333333333333
5943,,1306.304054054054,7967.0329670329675,4225.352112676056,,,,,11719.424460431655,,,8855.421686746988,,,10789.772727272728,,12421.875,,7282.044583768722,5200.0,,,7925.773028978469,,11248.677248677248,,8313.953488372093,,12761.194029850747
5953,4547.876304023845,3561.594202898551,7925.52308347604,9073.061237729205,8114.694091204695,11852.237614584406,7323.229963397529,8146.600277121525,7621.039033685567,7510.813781096992,10183.89484308602,14007.247239567514,9171.93919288332,6436.873875879037,10093.798969811116,15007.51866290898,12291.658787522678,8874.384101009935,6575.468739934014,10177.876358931266,9543.600261096435,9719.002675939182,11085.902542035212,10044.632346551682,10140.065410859579,8717.757030580442,7348.489459345537,9912.790413561137,9770.408426085862
5960,8801.753881541115,6653.959585233157,7695.5061447884655,4000.0,7370.168116115076,5752.373417721519,7240.057921876104,6018.436277464572,5966.072579933504,9946.408529741864,7060.922522257725,7085.955927384726,5107.081667618504,6533.228847158918,6704.115498713575,5675.7243643350175,13212.345679012345,6547.018091085174,8402.826605956932,7282.270982467062,7267.5567896156135,9406.184368819566,7712.179452885792,8966.84461869647,10090.61930339746,11029.411764705883,7981.520029712631,8442.619927047317,6233.756483756483
5970,7272.727272727272,5708.812260536398,8621.634847070862,4592.450067776507,9893.410852713178,,9351.503759398496,5033.451591767327,,,17684.21052631579,7055.21472392638,11761.945270565959,4640.830346475508,11228.561648150651,8487.095201154621,5506.859756097561,5577.537086157776,10350.406393034209,11100.7061052269,8838.857183626546,9277.49872753028,10270.75135792983,9202.718052057719,12741.809063000266,7952.037520651651,13662.490082358332,8525.772513729902,9638.897960548364
5985,,,2302.6315789473683,400.0,3459.119496855346,2000.0,3676.470588235294,4772.727272727273,,,3480.392156862745,2229.7297297297296,4545.454545454545,12831.311769991014,3693.452380952381,5210.919540229885,6357.142857142857,,4576.923076923077,5416.447196716255,3715.183977643223,4337.341107395661,1950.0786163522012,3462.6935741112306,5316.0786056093075,1875.0,5178.571428571428,8944.89247311828,5758.064516129032
